driverId,name,ssn,location,certified,wage-plan
10,Richard Miller,481-28-7639,"66326 Joseph Junction
South Timothy, MD 19842",Y,miles
11,Michael Murphy,678-04-2692,"0372 Wilson Wells
Port Jessica, SD 84529",N,miles
12,Trevor Martin,228-41-6431,"439 Kent Point Suite 206
Allenfurt, OH 41028",N,miles
13,Jane Gonzalez,471-66-8406,"PSC 6765, Box 4117
APO AE 01293",Y,hours
14,Kimberly Valdez,474-09-6510,"USS Brown
FPO AP 39033",Y,miles
15,Leslie Tate,054-52-5675,"3452 Jaime Via
West Isaac, TX 94181",N,hours
16,Valerie Silva,743-31-2655,"5754 Banks Union Suite 059
Marcbury, PW 98578",N,hours
17,Shawn Wells,686-87-3116,"22836 Stephanie Fords
Lake Kimberlyfurt, OH 80239",Y,miles
18,Jonathan Deleon,065-89-0469,"66166 Hoffman Rue Suite 161
West Brianside, LA 91562",Y,miles
19,Vincent Davis,148-69-7018,"576 Aaron Spur Suite 307
Davisport, CT 39950",N,miles
20,Bradley Martin,125-95-7491,"365 Erika Isle Suite 756
New Christinachester, NJ 10423",Y,hours
21,Alicia Eaton,388-81-1887,"415 Jennifer Mountains
Williamsport, IA 95358",N,miles
22,Casey Smith,270-13-8834,"253 Christian Row Suite 842
East Stephentown, NH 50502",N,hours
23,Amy Kelley,368-76-4797,"PSC 9476, Box 2548
APO AE 73589",Y,hours
24,Kathleen Walls,653-56-6221,"1800 Bailey Plaza
Johnberg, MS 88258",N,miles
25,Diamond Martin,133-65-9935,"2328 Walter Shores Apt. 678
Jodimouth, WV 01953",N,hours
26,Carla Simmons,092-87-5625,"Unit 6818 Box 9080
DPO AE 35753",Y,hours
27,Jason Moore,259-22-7318,"739 Hunter Avenue
West Kathryn, HI 94524",N,miles
28,Denise Aguirre,621-27-3566,"928 Dean Ports Suite 238
South Matthewfort, NJ 53463",Y,miles
29,Brendan Jones,285-65-8299,"96317 Farley Spurs Suite 099
Lake Michael, FM 22272",Y,hours
30,Lynn Ramos,339-35-7716,"287 Dominguez Plain Suite 341
West John, FM 11615",N,miles
31,Sharon Cardenas,733-43-5625,"2431 Benjamin Squares Suite 462
Melissastad, IN 19163",N,miles
32,Jonathan Martinez,441-56-6428,"7984 Fletcher Canyon Apt. 911
Mccarthyfort, AL 61489",Y,hours
33,Brenda Hall,812-64-6486,"Unit 3179 Box 9009
DPO AP 51696",Y,hours
34,Shirley Ramirez,016-20-0590,"PSC 5420, Box 1256
APO AE 63108",N,miles
35,Chris Fry,035-92-0333,"8792 Nancy Vista
Mccartyburgh, DC 90851",N,hours
36,Brandi Larson,097-34-1611,"570 Joseph Knoll
Annstad, DE 25001",N,miles
37,Kim White,783-61-6905,"696 Malik Courts Apt. 306
North Ricardofort, WV 32417",Y,hours
38,Linda Williams,582-64-3337,"61435 Green Common
Port Maxhaven, GU 84726",Y,miles
39,Amy Sanchez,179-89-1519,"98729 Sanchez Turnpike
South Susanland, MP 82853",N,hours
40,Ronald Hernandez,099-17-4327,"16950 Donna Vista Apt. 287
New Jill, WA 61104",Y,hours
41,Ronnie Taylor MD,728-64-3244,"5805 Evan Mall Suite 355
Sonyastad, GA 64875",N,hours
42,Lauren Martin DVM,607-20-7007,"PSC 1681, Box 3504
APO AE 04285",Y,miles
43,Kelly Walker,031-14-3100,"70926 Lindsay Mountains Apt. 571
Wangchester, PA 44427",N,miles
44,Paul Myers,776-84-2943,"520 Murray Village Suite 720
Lake Joshua, IA 76278",N,hours
45,Steven Cruz,480-46-7964,"891 Michael Cape
West Kaylafurt, ND 71262",N,hours
46,Kristin Smith,144-09-7110,"1769 Kevin Orchard Apt. 300
Port Lori, UT 19052",Y,miles
47,Diane Washington,190-91-2386,"3603 Spencer Shoal
Andersonside, RI 07828",N,miles
48,Robert Mcdonald,404-22-7277,"02580 Moore Pine Apt. 112
East Richard, ND 02934",N,miles
49,Mark Wang,426-74-0597,"4516 Alicia Flat
New Timothy, PW 34603",Y,miles
50,Amanda Barr,180-14-0203,"Unit 2269 Box 9831
DPO AA 67080",N,miles
51,Kayla Burton,419-58-1684,"1049 John Circle
East Christopher, AS 56391",N,miles
52,Glenn Thompson,864-77-2374,"9793 Gregory Coves Suite 843
New Debbieside, UT 79601",N,hours
53,Karen Marquez,097-42-0963,"475 Michael Unions
Amandahaven, IN 77212",N,hours
54,Nathaniel Wells,890-66-3808,"46503 Michael Stravenue
East Matthew, WY 67609",Y,hours
55,Carlos Wright,423-39-2047,"Unit 8017 Box 5816
DPO AA 69425",Y,hours
56,Karen Jefferson,406-43-1690,"00235 Mckenzie Extension Suite 944
Markland, CO 41303",N,miles
57,Robert Snyder,277-33-8880,"8799 Roger Pines Suite 939
Lake Willie, CT 28328",Y,miles
58,Bruce Wright,159-08-3422,"095 Soto Dam Apt. 768
Roblesville, SC 48354",Y,hours
59,Karen Mann,111-82-2969,"4456 Patricia Harbors Suite 540
South Jamesmouth, NE 75781",Y,hours
60,Leslie Smith,002-02-9076,"479 Diana Trail Suite 212
Bellport, WA 55097",Y,miles
61,Jeremy Taylor,160-59-1919,"768 Adriana Inlet
Pattonburgh, IA 22966",Y,miles
62,Justin Alvarez,218-85-4909,"3917 Rachel Highway Apt. 738
North Ryan, MP 16481",N,miles
63,Jeffrey Le,873-78-3430,"6597 Lopez Crossroad Apt. 559
Olsonmouth, NE 36709",Y,hours
64,Cathy Reeves,312-38-3200,"831 Terri Fields Suite 417
West James, PR 51256",Y,hours
65,Laura Chung,071-70-2229,"703 Hensley Street Suite 982
Mackburgh, PR 01377",N,miles
66,Ashley Perez,013-15-1299,"227 Carpenter Heights
South Karaland, SD 51076",N,miles
67,Brandon Smith,786-17-4070,"9718 Campbell Union Apt. 684
East Ryan, AZ 45434",N,hours
68,Michele Barnett,613-05-3289,"7689 Buck Cape Apt. 557
Jenkinsmouth, PA 50484",Y,miles
69,Nancy Hicks,685-44-0966,"482 Lawrence Corners
Alexanderbury, VA 65055",N,hours
70,Matthew Gonzales,202-20-2863,"907 Terrance Meadows
New Elizabethborough, VT 19525",N,hours
71,Elizabeth Terry,448-83-3325,"71785 Vasquez Ramp Apt. 895
New Matthewmouth, VI 62450",Y,miles
72,Ryan Lopez,150-14-8778,"USCGC Hammond
FPO AE 80203",N,hours
73,Stephen Nelson,756-75-8284,"678 Santiago Inlet
South Davidmouth, AR 19451",Y,hours
74,Victoria Parks,232-15-2152,"0210 George Cliffs Apt. 246
Lake William, NY 29816",N,miles
75,Catherine Owens,668-05-5551,"909 Delgado Loaf Suite 672
Janiceburgh, TX 65746",N,miles
76,Allen Lee,298-16-7259,"53696 Julie Glen Suite 148
Port Jeffreyside, OH 06261",Y,hours
77,Eric Manning,816-24-6364,"USS Boyd
FPO AP 68648",Y,hours
78,Kara Sampson,068-34-4131,"USNS Robles
FPO AE 43793",N,miles
79,Caitlin Sims,619-01-2603,"12166 Cheyenne Springs
Ellisonstad, OH 39805",Y,miles
80,Veronica Martin,061-46-2968,"97930 Harper Rest Apt. 818
Port Bonnieville, MT 40696",Y,miles
81,Daniel Perez,651-82-2232,"8170 Austin Prairie Suite 782
Travisland, MT 10705",N,hours
82,Carl Grimes,082-75-5360,"65273 Pope Burgs Apt. 724
Port Jeremy, AL 25189",N,hours
83,William Young,706-15-2650,"82054 Gregory Ports Suite 578
West Josephbury, FM 61478",Y,miles
84,Jonathan Johnson,141-47-0431,"13558 Joshua Pass Apt. 557
Adammouth, IA 61322",Y,miles
85,Dr. Joshua Garrett,416-98-5499,"99165 Catherine Brooks
Garciachester, OH 61446",N,hours
86,Christina Scott,308-83-7400,"10733 Lauren Stravenue
North Jeffrey, TX 51764",Y,miles
87,John Watson,085-95-7022,"59989 Watson Route Suite 502
West Danielleside, KS 89671",Y,miles
88,Roberto Mills,088-28-4920,"752 Marcus Villages
Williamborough, NJ 56913",Y,miles
89,Jasmine Fletcher,512-98-9009,"8825 Tammy Burg
Harringtonborough, OR 79012",Y,hours
90,Micheal Hensley,823-76-7692,"579 Patel Lake
New Wesleyhaven, NV 05762",N,miles
91,John James,302-34-3172,"744 Clark Lock
Jeffreystad, KS 59618",Y,hours
92,Eric Francis,235-13-2281,"45605 Lewis Throughway Apt. 989
Michaelfort, VI 94450",Y,miles
93,Melissa Riley,324-26-1249,"37425 Ball Fords Apt. 252
Millerchester, ND 50841",N,hours
94,John Hughes,197-70-3270,"6287 Bean Roads
Kaylaberg, WI 01516",N,hours
95,John Willis,047-55-3240,"2709 Lauren Stream Apt. 195
Virginiatown, KS 12727",Y,miles
96,Michaela Nichols,475-49-1589,"0766 Mary Extensions
Terrystad, MA 20608",N,hours
97,Jason Finley,128-60-3869,"9712 Laura Spur Suite 089
Sheliabury, MH 62916",N,hours
98,Erik Sherman,063-42-9751,"789 Sara Lodge Apt. 196
South Marialand, ME 84587",N,miles
99,Cassandra Nelson MD,313-48-3062,"4994 Cooper Mill Apt. 525
Crawfordland, MP 92530",N,miles
100,Darrell Lee,519-56-4908,"557 Teresa Route
Port Jakeland, AR 82225",N,miles
101,Edward Nguyen,754-47-0281,"295 Amy Parks
Port Debra, WV 32382",Y,hours
102,Jessica Flowers,109-62-1812,"10382 Thompson Extension Suite 656
Robintown, SD 43938",Y,hours
103,Kenneth Wolfe,768-58-9545,"64086 Rodriguez Radial
Port Heatherhaven, MO 42998",Y,miles
104,Tracy Hawkins,468-45-3707,"362 Joshua Isle Suite 750
Arianaview, OH 34319",Y,miles
105,Mark Morales,558-59-7280,"2582 Christian Plains Suite 374
West Anthony, MO 56943",N,miles
106,Joe Chase,536-09-8252,"9016 Deborah Junctions
Johnsonhaven, AL 56388",Y,hours
107,Kimberly Montgomery,792-18-6141,"6923 Chad Row
Tiffanychester, LA 15722",N,hours
108,Laura Martin,133-62-3883,"25325 Sherri Burgs Suite 465
Wilsonbury, TN 78108",N,miles
109,Brian Smith,885-98-6844,"3091 Anderson Forest
New Edwardmouth, VA 69746",Y,miles
